ID,4Q,annotator
Q1_0vLPYiPN7qY_0,1,D
Q1_0vLPYiPN7qY_1,1,D
Q1_0vLPYiPN7qY_2,1,D
Q1_1Qc15G0ZHIg_1,1,D
Q1_1Qc15G0ZHIg_2,1,D
Q1_1Qc15G0ZHIg_3,1,D
Q1_1vjy9oMFa8c_2,1,D
Q1_1vjy9oMFa8c_4,1,D
Q1_1vjy9oMFa8c_5,1,D
Q1_2Z9SjI131jA_0,1,C
Q1_2Z9SjI131jA_1,1,C
Q1_2Z9SjI131jA_10,1,C
Q1_2Z9SjI131jA_11,1,C
Q1_2Z9SjI131jA_12,1,C
Q1_2Z9SjI131jA_13,1,C
Q1_2Z9SjI131jA_14,1,C
Q1_2Z9SjI131jA_15,1,C
Q1_2Z9SjI131jA_2,1,C
Q1_2Z9SjI131jA_3,1,C
Q1_2Z9SjI131jA_4,1,C
Q1_2Z9SjI131jA_7,1,C
Q1_2Z9SjI131jA_8,1,C
Q1_2Z9SjI131jA_9,1,C
Q1_3N2G21U7guk_3,1,D
Q1_3N2G21U7guk_5,1,D
Q1_3N2G21U7guk_6,1,D
Q1_3ahg_eQZhxs_0,1,D
Q1_3ahg_eQZhxs_1,1,D
Q1_4dXC1cC7crw_0,1,D
Q1_4dXC1cC7crw_1,1,D
Q1_4ydjOX3pWds_0,1,D
Q1_4ydjOX3pWds_1,1,D
Q1_5Ju9q1N2x0E_2,1,D
Q1_5NW0zDu6IYM_2,1,D
Q1_60LLKmpgzRM_0,1,D
Q1_6Uf9XBUD3wE_0,1,D
Q1_6Uf9XBUD3wE_1,1,D
Q1_6kRPHamGDSo_0,1,D
Q1_6kRPHamGDSo_1,1,D
Q1_6kRPHamGDSo_3,1,D
Q1_6wFJhmhNeeg_0,1,A
Q1_7yW9c7t8Hq0_1,1,D
Q1_7yW9c7t8Hq0_2,1,D
Q1_7yW9c7t8Hq0_3,1,D
Q1_8izVTDgBQPc_0,1,D
Q1_8izVTDgBQPc_1,1,D
Q1_8rupdevqfuI_0,1,D
Q1_8rupdevqfuI_1,1,D
Q1_8rupdevqfuI_2,1,D
Q1_94ROf10d1iA_0,1,D
Q1_94ROf10d1iA_1,1,D
Q1_94ROf10d1iA_2,1,D
Q1_94ROf10d1iA_3,1,D
Q1_9Yb9OEVwups_0,1,D
Q1_9v2WSpn4FCw_0,1,A
Q1_9v2WSpn4FCw_1,1,A
Q1_9v2WSpn4FCw_10,1,A
Q1_9v2WSpn4FCw_2,1,A
Q1_9v2WSpn4FCw_5,1,A
Q1_9v2WSpn4FCw_6,1,A
Q1_ANZf1QXsNrY_0,1,D
Q1_ANZf1QXsNrY_1,1,D
Q1_ANZf1QXsNrY_2,1,D
Q1_ANZf1QXsNrY_3,1,D
Q1_ANZf1QXsNrY_4,1,D
Q1_ANZf1QXsNrY_5,1,D
Q1_BGf5nCdzPOc_0,1,D
Q1_BGf5nCdzPOc_1,1,D
Q1_Cg2u_Ldjv8g_0,1,D
Q1_Cg2u_Ldjv8g_1,1,D
Q1_DX1IK3z1w10_1,1,A
Q1_Fc1qk52SaKY_0,1,D
Q1_Fc1qk52SaKY_1,1,D
Q1_FfwKrQyQ7WU_0,1,D
Q1_FfwKrQyQ7WU_1,1,D
Q1_FfwKrQyQ7WU_2,1,D
Q1_FfwKrQyQ7WU_3,1,D
Q1_GY3f6ckBVkA_0,1,D
Q1_GY3f6ckBVkA_1,1,D
Q1_GY3f6ckBVkA_2,1,D
Q1_GY3f6ckBVkA_3,1,D
Q1_GbUV3TXUzeQ_1,1,A
Q1_GbUV3TXUzeQ_2,1,A
Q1_HY9vPoHbgaI_0,1,D
Q1_HY9vPoHbgaI_1,1,D
Q1_HY9vPoHbgaI_2,1,D
Q1_HY9vPoHbgaI_3,1,D
Q1_IH2KrGjKXw0_3,1,D
Q1_Ie5koh4qvJc_12,1,D
Q1_Ie5koh4qvJc_6,1,D
Q1_J6X3rVU1H-c_1,1,D
Q1_J6X3rVU1H-c_2,1,D
Q1_JT1XJnVmABo_2,1,A
Q1_JT1XJnVmABo_3,1,A
Q1_JT1XJnVmABo_4,1,A
Q1_JT1XJnVmABo_5,1,A
Q1_JYVXM0qNQAg_0,1,D
Q1_JYVXM0qNQAg_2,1,D
Q1_Jn9r0avp0fY_0,1,D
Q1_Jn9r0avp0fY_1,1,D
Q1_Jn9r0avp0fY_2,1,D
Q1_Jn9r0avp0fY_3,1,D
Q1_K6OFDxBU370_0,1,D
Q1_K6OFDxBU370_1,1,D
Q1_KxlqB3j0zys_0,1,D
Q1_KxlqB3j0zys_1,1,D
Q1_NGE9ynTJABg_0,1,D
Q1_NGE9ynTJABg_1,1,D
Q1_NGE9ynTJABg_2,1,D
Q1_NP0lwB-_-og_1,1,D
Q1_POaIGvLsp5M_0,1,D
Q1_POaIGvLsp5M_1,1,D
Q1_PdwxeMPXOCk_0,1,C
Q1_PdwxeMPXOCk_1,1,C
Q1_PdwxeMPXOCk_2,1,C
Q1_QwsQ8ejbMKg_0,1,D
Q1_QwsQ8ejbMKg_1,1,D
Q1_RaUSISlnhKw_0,1,D
Q1_RaUSISlnhKw_1,1,D
Q1_RaUSISlnhKw_2,1,D
Q1_SQDuF0qxGQw_0,1,D
Q1_SQDuF0qxGQw_1,1,D
Q1_SQDuF0qxGQw_2,1,D
Q1_SlsXsqotUis_0,1,D
Q1_T92R7xjce34_1,1,A
Q1_TNoaOTrTkTQ_0,1,C
Q1_TNoaOTrTkTQ_1,1,C
Q1_TNoaOTrTkTQ_2,1,C
Q1_UJcnNfeCN1c_2,1,D
Q1_UJcnNfeCN1c_3,1,D
Q1_UOSlDydo94E_0,1,D
Q1_UOSlDydo94E_1,1,D
Q1_UOSlDydo94E_2,1,D
Q1_UYh88SRZC24_0,1,D
Q1_UYh88SRZC24_1,1,D
Q1_V3Y9L4UOcpk_2,1,D
Q1_VXgRfsVd_o0_0,1,D
Q1_VXgRfsVd_o0_1,1,D
Q1_VXgRfsVd_o0_2,1,D
Q1_WpZ1rWHOCAQ_0,1,D
Q1_WpZ1rWHOCAQ_1,1,D
Q1_WpZ1rWHOCAQ_2,1,D
Q1_Wy2-my19YnY_0,1,D
Q1_Wy2-my19YnY_1,1,D
Q1_XC_SiJszQx0_3,1,D
Q1_Xsn9zT-05ns_0,1,D
Q1_Xsn9zT-05ns_1,1,D
Q1_Y5JcZQ0xg4Y_0,1,D
Q1_Y5JcZQ0xg4Y_1,1,D
Q1_Y5JcZQ0xg4Y_2,1,D
Q1_Y5JcZQ0xg4Y_3,1,D
Q1_ZgT7yq2jsBk_0,1,D
Q1__8v0MFBZoco_0,1,D
Q1__8v0MFBZoco_1,1,D
Q1__BK2o77sTc0_0,1,D
Q1__BK2o77sTc0_1,1,D
Q1__SJQaaRzD-A_0,1,D
Q1__SJQaaRzD-A_1,1,D
Q1__kJtgm1OUNA_0,1,D
Q1__kJtgm1OUNA_1,1,D
Q1__kJtgm1OUNA_2,1,D
Q1_aYe-2Glruu4_0,1,D
Q1_aYe-2Glruu4_1,1,D
Q1_aYe-2Glruu4_3,1,D
Q1_aYe-2Glruu4_4,1,D
Q1_bIx4DwkZxFY_0,1,C
Q1_bIx4DwkZxFY_1,1,C
Q1_bIx4DwkZxFY_2,1,C
Q1_bQS8eAXAhyE_0,1,D
Q1_bQS8eAXAhyE_1,1,D
Q1_bQS8eAXAhyE_2,1,D
Q1_biROWEwkDQQ_3,1,D
Q1_cB-Xh8H_7-Q_0,1,D
Q1_dfNdpy8TUzA_0,1,D
Q1_dfNdpy8TUzA_1,1,D
Q1_dfNdpy8TUzA_2,1,D
Q1_doM_LWo-74A_0,1,D
Q1_doM_LWo-74A_1,1,D
Q1_doM_LWo-74A_2,1,D
Q1_doM_LWo-74A_3,1,D
Q1_doM_LWo-74A_4,1,D
Q1_e838BE_MH6s_1,1,D
Q1_e838BE_MH6s_2,1,D
Q1_e838BE_MH6s_3,1,D
Q1_e838BE_MH6s_4,1,D
Q1_e8NQ2NH0nc8_0,1,D
Q1_e8NQ2NH0nc8_1,1,D
Q1_eVMSeElk81Q_0,1,D
Q1_eVMSeElk81Q_1,1,D
Q1_eVMSeElk81Q_2,1,D
Q1_fey-8bOR95E_0,1,D
Q1_fey-8bOR95E_1,1,D
Q1_fey-8bOR95E_2,1,D
Q1_fey-8bOR95E_3,1,D
Q1_gSwv8hZGM-s_0,1,C
Q1_gSwv8hZGM-s_1,1,C
Q1_gwmVjvR-sVs_0,1,D
Q1_gwmVjvR-sVs_1,1,D
Q1_iFgSjUqI7iM_0,1,A
Q1_iFgSjUqI7iM_1,1,A
Q1_im4Qxn3GQvo_0,1,D
Q1_im4Qxn3GQvo_1,1,D
Q1_im4Qxn3GQvo_2,1,D
Q1_jziI_cuN_H8_0,1,D
Q1_jziI_cuN_H8_1,1,D
Q1_jziI_cuN_H8_2,1,D
Q1_k4dxAlI5N-k_0,1,D
Q1_k4dxAlI5N-k_1,1,D
Q1_ldCQ6N9G6Mk_2,1,A
Q1_mX-xs3OVhTs_0,1,D
Q1_mX-xs3OVhTs_1,1,D
Q1_miqLU2739dk_1,1,D
Q1_nOIBJHkqrE8_0,1,D
Q1_o5AIp2Yc01M_0,1,D
Q1_o5AIp2Yc01M_1,1,D
Q1_osxmQReE_2o_0,1,C
Q1_pNwQ9Tu_bCs_0,1,D
Q1_pNwQ9Tu_bCs_1,1,D
Q1_pNwQ9Tu_bCs_2,1,D
Q1_qlbazHayULg_8,1,D
Q1_r6laJv1-HMg_0,1,D
Q1_s5b8viFsVJE_0,1,D
Q1_s5b8viFsVJE_1,1,D
Q1_s5b8viFsVJE_2,1,D
Q1_s6-SbDSZzEU_0,1,D
Q1_s6-SbDSZzEU_1,1,D
Q1_sUJ4a74Skk8_0,1,D
Q1_sZe3IB1OVfw_0,1,D
Q1_sZe3IB1OVfw_1,1,D
Q1_uqRLEByE6pU_0,1,D
Q1_uqRLEByE6pU_1,1,D
Q1_uqRLEByE6pU_2,1,D
Q1_vv6nrZ2myXw_0,1,D
Q1_vv6nrZ2myXw_1,1,D
Q1_vv6nrZ2myXw_2,1,D
Q1_vv6nrZ2myXw_3,1,D
Q1_vv6nrZ2myXw_4,1,D
Q1_wnB2cjd6zbE_0,1,D
Q1_xrhWli_R98g_1,1,D
Q1_xrhWli_R98g_3,1,D
Q1_yFw_kO7DF-Y_0,1,D
Q1_yFw_kO7DF-Y_1,1,D
Q1_yFw_kO7DF-Y_2,1,D
Q1_zHwJG8Rrx6c_0,1,D
Q1_zHwJG8Rrx6c_1,1,D
Q1_zHwJG8Rrx6c_2,1,D
Q1_zHwJG8Rrx6c_3,1,D
Q1_zmZHNy9T8Pg_0,1,D
Q1_zmZHNy9T8Pg_1,1,D
Q1_zmZHNy9T8Pg_2,1,D
Q2_--2B4d4lQhs_0,2,D
Q2_--2B4d4lQhs_1,2,D
Q2_--2B4d4lQhs_2,2,D
Q2_-jJVb0xvbdg_0,2,A
Q2_-jJVb0xvbdg_1,2,A
Q2_08t73Qgjkt4_0,2,D
Q2_08t73Qgjkt4_1,2,D
Q2_08t73Qgjkt4_2,2,D
Q2_0H4rq0L9OSw_0,2,D
Q2_0H4rq0L9OSw_1,2,D
Q2_0J7lX-Tcx-w_0,2,D
Q2_0J7lX-Tcx-w_1,2,D
Q2_0J7lX-Tcx-w_2,2,D
Q2_0qYNvMCEwaw_0,2,D
Q2_0v2N1ROvEI0_0,2,D
Q2_0v2N1ROvEI0_1,2,D
Q2_16OaOpfOPZ0_2,2,D
Q2_16OaOpfOPZ0_3,2,D
Q2_1EDThWjNxOI_0,2,D
Q2_1EDThWjNxOI_1,2,D
Q2_1Q3MoBFh6eU_1,2,D
Q2_1TAKQK3s6qQ_0,2,B
Q2_1kny88W533Q_0,2,D
Q2_1kny88W533Q_2,2,D
Q2_1kny88W533Q_3,2,D
Q2_1kny88W533Q_4,2,D
Q2_2uLw9Zs60A4_0,2,A
Q2_38i12IPkL5c_0,2,A
Q2_38i12IPkL5c_1,2,A
Q2_38i12IPkL5c_2,2,A
Q2_3ZnxqCZ7qGg_1,2,D
Q2_3ZnxqCZ7qGg_2,2,D
Q2_3_MxhSS86oU_0,2,D
Q2_3_MxhSS86oU_1,2,D
Q2_48EYLEAgaBc_0,2,D
Q2_48EYLEAgaBc_1,2,D
Q2_5CEAeMiXKaA_0,2,B
Q2_5NW0zDu6IYM_0,2,D
Q2_5NW0zDu6IYM_1,2,D
Q2_61EA0xRX8gE_0,2,B
Q2_61EA0xRX8gE_1,2,B
Q2_61EA0xRX8gE_3,2,B
Q2_61EA0xRX8gE_4,2,B
Q2_61EA0xRX8gE_5,2,B
Q2_6n8HgIcJ6vo_0,2,A
Q2_78C_TpQDvVE_0,2,B
Q2_78C_TpQDvVE_1,2,B
Q2_7n32BtYb4d4_0,2,D
Q2_7n32BtYb4d4_1,2,D
Q2_7n32BtYb4d4_2,2,D
Q2_7n32BtYb4d4_3,2,D
Q2_8TYY0qG-KOw_1,2,A
Q2_8c7kcmsnf-s_0,2,D
Q2_8c7kcmsnf-s_1,2,D
Q2_8c7kcmsnf-s_2,2,D
Q2_9v2WSpn4FCw_1,2,D
Q2_9v2WSpn4FCw_2,2,D
Q2_9v2WSpn4FCw_3,2,D
Q2_9v2WSpn4FCw_4,2,D
Q2_9v2WSpn4FCw_5,2,D
Q2_9v2WSpn4FCw_6,2,D
Q2_9v2WSpn4FCw_7,2,D
Q2_9v2WSpn4FCw_8,2,D
Q2_ANZf1QXsNrY_6,2,D
Q2_ANZf1QXsNrY_7,2,D
Q2_AWNbcxXDmt0_0,2,A
Q2_AacIP9mDLw8_0,2,B
Q2_AacIP9mDLw8_2,2,B
Q2_BzqX-9TA-GY_1,2,B
Q2_BzqX-9TA-GY_2,2,B
Q2_CxFXrYgdSSI_0,2,B
Q2_CxFXrYgdSSI_1,2,B
Q2_CxFXrYgdSSI_2,2,B
Q2_D-gDPh9ZpFk_0,2,A
Q2_D-gDPh9ZpFk_1,2,A
Q2_D-gDPh9ZpFk_2,2,A
Q2_D5kyjnlDNZs_0,2,A
Q2_D5kyjnlDNZs_1,2,A
Q2_D5kyjnlDNZs_2,2,A
Q2_DYBBfpEx-JI_0,2,B
Q2_DYBBfpEx-JI_1,2,B
Q2_DYBBfpEx-JI_2,2,B
Q2_DYBBfpEx-JI_3,2,B
Q2_Dg935IbDggo_0,2,B
Q2_Dg935IbDggo_1,2,B
Q2_Dg935IbDggo_2,2,B
Q2_Dg935IbDggo_3,2,B
Q2_DhnX54kOW8U_0,2,D
Q2_EtAbPc20mn8_0,2,D
Q2_FUAK5TBaNY8_1,2,D
Q2_GwdQliEv6Z0_0,2,D
Q2_GwdQliEv6Z0_1,2,D
Q2_Ie5koh4qvJc_10,2,B
Q2_Ie5koh4qvJc_11,2,B
Q2_Ie5koh4qvJc_13,2,B
Q2_Ie5koh4qvJc_26,2,B
Q2_Ie5koh4qvJc_30,2,B
Q2_Ie5koh4qvJc_7,2,B
Q2_Ie5koh4qvJc_9,2,B
Q2_Iq6g_4AwUWs_0,2,D
Q2_Iq6g_4AwUWs_1,2,D
Q2_ItGNJM6skM4_1,2,B
Q2_ItGNJM6skM4_2,2,B
Q2_JMt4m608s3k_0,2,D
Q2_JMt4m608s3k_1,2,D
Q2_JMt4m608s3k_2,2,D
Q2_JT1XJnVmABo_6,2,D
Q2_JYVXM0qNQAg_1,2,D
Q2_Kk60F8a7-Jw_0,2,D
Q2_L3_TadjSQQ0_0,2,D
Q2_L3_TadjSQQ0_1,2,D
Q2_OCqMDeD6Fmc_0,2,B
Q2_OCqMDeD6Fmc_1,2,B
Q2_OCqMDeD6Fmc_2,2,B
Q2_OCqMDeD6Fmc_3,2,B
Q2_P-We4q3goKU_1,2,B
Q2_P-We4q3goKU_2,2,B
Q2_P-We4q3goKU_3,2,B
Q2_P-We4q3goKU_4,2,B
Q2_P-We4q3goKU_5,2,B
Q2_P-We4q3goKU_6,2,B
Q2_PZN7XLKzLDI_0,2,D
Q2_Q5b5unyP8BM_0,2,D
Q2_Q5b5unyP8BM_1,2,D
Q2_QmK_SND2jAw_0,2,B
Q2_QmK_SND2jAw_1,2,B
Q2_REq37pDAm3A_2,2,D
Q2_RiQMuhk_SuQ_1,2,B
Q2_RiQMuhk_SuQ_2,2,B
Q2_RiQMuhk_SuQ_3,2,B
Q2_S1T3UF1vhSk_1,2,D
Q2_S1T3UF1vhSk_2,2,D
Q2_S7Bo4-NCEDk_0,2,D
Q2_S7Bo4-NCEDk_1,2,D
Q2_S7Bo4-NCEDk_2,2,D
Q2_TcFVq0leii4_1,2,D
Q2_TcFVq0leii4_2,2,D
Q2_UAm0aWvzFI8_0,2,D
Q2_UAm0aWvzFI8_1,2,D
Q2_UE0y8MHqT-g_1,2,B
Q2_UE0y8MHqT-g_2,2,B
Q2_UJcnNfeCN1c_1,2,D
Q2_UTo7E0evQWw_0,2,D
Q2_Uu-oRTRT6uQ_0,2,D
Q2_Uu-oRTRT6uQ_1,2,D
Q2_Uu-oRTRT6uQ_2,2,D
Q2_WBxql6cuU7c_0,2,B
Q2_WQrPcuy50aA_0,2,B
Q2_WQrPcuy50aA_1,2,B
Q2_XC_SiJszQx0_1,2,D
Q2_XfA2KXodrOE_0,2,D
Q2_XfA2KXodrOE_1,2,D
Q2_ZTrEoB8T9YA_0,2,D
Q2_ZTrEoB8T9YA_1,2,D
Q2_ZTrEoB8T9YA_2,2,D
Q2_ZdyiXIlKe_Y_0,2,D
Q2_ZdyiXIlKe_Y_1,2,D
Q2__FVzelKlBFs_0,2,D
Q2__FVzelKlBFs_1,2,D
Q2__FVzelKlBFs_2,2,D
Q2__S991V8N-8s_1,2,D
Q2__vZOEQCYSaY_1,2,D
Q2_aYe-2Glruu4_2,2,D
Q2_b8HVQtIoBYU_0,2,B
Q2_b8HVQtIoBYU_1,2,B
Q2_bfopzItCYrE_1,2,A
Q2_cFWdWpyvwag_0,2,B
Q2_cFWdWpyvwag_1,2,B
Q2_cQp1BYDGcRo_0,2,D
Q2_cQp1BYDGcRo_1,2,D
Q2_cm6E860vDjY_0,2,B
Q2_cm6E860vDjY_1,2,B
Q2_cm6E860vDjY_2,2,B
Q2_dtS02mrDMsM_0,2,D
Q2_dtS02mrDMsM_1,2,D
Q2_dtS02mrDMsM_2,2,D
Q2_dtS02mrDMsM_3,2,D
Q2_dtS02mrDMsM_4,2,D
Q2_eGQUZ9FlUJ4_0,2,D
Q2_eGQUZ9FlUJ4_1,2,D
Q2_epX33OVpkmA_0,2,B
Q2_epX33OVpkmA_1,2,B
Q2_epX33OVpkmA_2,2,B
Q2_ezoAduuCkUs_0,2,B
Q2_f2BXXa7lPuE_0,2,D
Q2_f2BXXa7lPuE_1,2,D
Q2_f2BXXa7lPuE_2,2,D
Q2_f2BXXa7lPuE_3,2,D
Q2_fuCxYrru2S4_1,2,D
Q2_fuCxYrru2S4_2,2,D
Q2_gvWDOIiocuE_1,2,D
Q2_ijfxkQPAQdE_1,2,B
Q2_ijfxkQPAQdE_2,2,B
Q2_ivCNV47tsRw_0,2,D
Q2_ivCNV47tsRw_1,2,D
Q2_ivCNV47tsRw_2,2,D
Q2_ivCNV47tsRw_3,2,D
Q2_iwxwLEvqeD8_1,2,D
Q2_jIKX3ShvLxo_0,2,D
Q2_jIKX3ShvLxo_1,2,D
Q2_jIKX3ShvLxo_2,2,D
Q2_jO2zX6Ul8GM_0,2,B
Q2_jO2zX6Ul8GM_1,2,B
Q2_jTPXwbDtIpA_1,2,B
Q2_jTPXwbDtIpA_2,2,B
Q2_jrVXitpLGMk_0,2,D
Q2_jrVXitpLGMk_1,2,D
Q2_jrVXitpLGMk_2,2,D
Q2_k-FNDbK6Qhg_0,2,D
Q2_k-FNDbK6Qhg_2,2,D
Q2_k4lT-sXg3iI_0,2,D
Q2_k4lT-sXg3iI_1,2,D
Q2_k4lT-sXg3iI_2,2,D
Q2_kKFwiXKlhC8_0,2,B
Q2_kKFwiXKlhC8_1,2,B
Q2_l-4Kce3YxxQ_0,2,D
Q2_l-4Kce3YxxQ_1,2,D
Q2_l-4Kce3YxxQ_2,2,D
Q2_l-4Kce3YxxQ_3,2,D
Q2_l-4Kce3YxxQ_4,2,D
Q2_lFznCt5kvXM_0,2,D
Q2_lalnGhxT3PQ_0,2,D
Q2_lalnGhxT3PQ_1,2,D
Q2_miqLU2739dk_0,2,D
Q2_mlHheZbblT0_0,2,D
Q2_mlHheZbblT0_1,2,D
Q2_nOIBJHkqrE8_1,2,D
Q2_o20YCzej5_s_0,2,D
Q2_pouxqiySdI8_0,2,D
Q2_pouxqiySdI8_1,2,D
Q2_qlbazHayULg_0,2,B
Q2_qlbazHayULg_1,2,B
Q2_qlbazHayULg_10,2,B
Q2_qlbazHayULg_11,2,B
Q2_qlbazHayULg_12,2,B
Q2_qlbazHayULg_2,2,B
Q2_qlbazHayULg_4,2,B
Q2_qlbazHayULg_5,2,B
Q2_qlbazHayULg_6,2,B
Q2_qlbazHayULg_7,2,B
Q2_rEz0D3VohFA_1,2,D
Q2_rEz0D3VohFA_2,2,D
Q2_sEQf5lcnj_o_0,2,D
Q2_sEQf5lcnj_o_1,2,D
Q2_sEQf5lcnj_o_2,2,D
Q2_sEQf5lcnj_o_3,2,D
Q2_snfsc7pEzlk_0,2,D
Q2_snfsc7pEzlk_1,2,D
Q2_snfsc7pEzlk_2,2,D
Q2_ufRISSD28XA_0,2,D
Q2_ufRISSD28XA_1,2,D
Q2_wfXSdMsd4q8_5,2,D
Q2_x5ibvz38jOs_0,2,D
Q2_x5ibvz38jOs_1,2,D
Q2_yZGBxiNPu3k_0,2,B
Q2_yhIncZ_Ue4E_0,2,B
Q2_yhIncZ_Ue4E_1,2,B
Q2_yhIncZ_Ue4E_2,2,B
Q2_yrvKReuwVlY_0,2,B
Q2_yrvKReuwVlY_1,2,B
Q2_yrvKReuwVlY_2,2,B
Q2_yrvKReuwVlY_3,2,B
Q2_z5ewpQwGDNw_0,2,B
Q2_z5ewpQwGDNw_1,2,B
Q2_z5ewpQwGDNw_2,2,B
Q3_-vAz_HTFEXs_0,3,C
Q3_-vAz_HTFEXs_1,3,C
Q3_02t1bj7ZABY_0,3,C
Q3_02t1bj7ZABY_1,3,C
Q3_02t1bj7ZABY_2,3,C
Q3_0EWWyyV7RJA_0,3,C
Q3_0c2dTJTDUR4_0,3,C
Q3_0lEL_XHyhuU_0,3,C
Q3_0lEL_XHyhuU_1,3,C
Q3_0lEL_XHyhuU_2,3,C
Q3_0lEL_XHyhuU_3,3,C
Q3_0vLPYiPN7qY_3,3,C
Q3_0wRQRwnQiqY_0,3,C
Q3_16OaOpfOPZ0_0,3,C
Q3_16OaOpfOPZ0_1,3,C
Q3_1Q3MoBFh6eU_0,3,C
Q3_1Q3MoBFh6eU_2,3,C
Q3_1cgO42sh-ZY_0,3,C
Q3_1kny88W533Q_1,3,C
Q3_2eIsQtm4YNs_0,3,B
Q3_2eIsQtm4YNs_1,3,B
Q3_2v6gJi03LlA_0,3,C
Q3_2v6gJi03LlA_1,3,C
Q3_3ZnxqCZ7qGg_0,3,C
Q3_4Er-eFHSHA4_0,3,B
Q3_4Er-eFHSHA4_1,3,B
Q3_4Er-eFHSHA4_2,3,B
Q3_4Er-eFHSHA4_3,3,B
Q3_77z6Ep3aOmg_0,3,C
Q3_77z6Ep3aOmg_1,3,C
Q3_7JIdJLkJ0S4_0,3,C
Q3_7JIdJLkJ0S4_1,3,C
Q3_7JIdJLkJ0S4_2,3,C
Q3_7JIdJLkJ0S4_3,3,C
Q3_9Xg69XrVaYU_0,3,C
Q3_9Xg69XrVaYU_1,3,C
Q3_9Xg69XrVaYU_2,3,C
Q3_AacIP9mDLw8_1,3,C
Q3_Adil-zpJdEs_0,3,C
Q3_BIRDDxz0E4c_0,3,C
Q3_By3JCii1k3w_0,3,C
Q3_By3JCii1k3w_1,3,C
Q3_By3JCii1k3w_2,3,C
Q3_BzqX-9TA-GY_0,3,C
Q3_D3onzY4MNxE_0,3,C
Q3_D3onzY4MNxE_1,3,C
Q3_D8Ed5PZXfF4_0,3,C
Q3_DYBBfpEx-JI_4,3,C
Q3_E5qEloUO3SM_1,3,C
Q3_FH28sPhm9Dc_0,3,C
Q3_FH28sPhm9Dc_1,3,C
Q3_FOcdHIhI0_s_0,3,C
Q3_FOcdHIhI0_s_1,3,C
Q3_FUAK5TBaNY8_0,3,B
Q3_FUAK5TBaNY8_2,3,B
Q3_FUAK5TBaNY8_3,3,B
Q3_G4rL_OtfFAU_0,3,C
Q3_G4rL_OtfFAU_1,3,C
Q3_H6_7DjsbROQ_0,3,B
Q3_H6_7DjsbROQ_1,3,B
Q3_H6_7DjsbROQ_2,3,B
Q3_H6_7DjsbROQ_3,3,B
Q3_H6_7DjsbROQ_4,3,B
Q3_IH2KrGjKXw0_0,3,C
Q3_IH2KrGjKXw0_1,3,C
Q3_IH2KrGjKXw0_2,3,C
Q3_ISCVfmBvYoM_0,3,C
Q3_Ie5koh4qvJc_0,3,C
Q3_Ie5koh4qvJc_14,3,C
Q3_Ie5koh4qvJc_15,3,C
Q3_Ie5koh4qvJc_18,3,C
Q3_Ie5koh4qvJc_19,3,C
Q3_Ie5koh4qvJc_2,3,C
Q3_Ie5koh4qvJc_22,3,C
Q3_Ie5koh4qvJc_23,3,C
Q3_Ie5koh4qvJc_24,3,C
Q3_Ie5koh4qvJc_25,3,C
Q3_Ie5koh4qvJc_29,3,C
Q3_Ie5koh4qvJc_3,3,C
Q3_Ie5koh4qvJc_5,3,C
Q3_Ie5koh4qvJc_8,3,C
Q3_ItGNJM6skM4_0,3,C
Q3_JNzqL24ZcZ8_0,3,C
Q3_JNzqL24ZcZ8_1,3,C
Q3_JNzqL24ZcZ8_2,3,C
Q3_JT1XJnVmABo_1,3,C
Q3_K84TcgjCRt4_0,3,C
Q3_K84TcgjCRt4_1,3,C
Q3_K84TcgjCRt4_2,3,C
Q3_MbvPxCUMSek_0,3,B
Q3_MbvPxCUMSek_1,3,B
Q3_MbvPxCUMSek_2,3,B
Q3_NTI9ode6bRk_0,3,C
Q3_NTI9ode6bRk_1,3,C
Q3_OO7zYVeK814_0,3,C
Q3_OO7zYVeK814_1,3,C
Q3_OO7zYVeK814_2,3,C
Q3_Oku8sIpTMAE_0,3,B
Q3_Oku8sIpTMAE_1,3,B
Q3_Oku8sIpTMAE_2,3,B
Q3_Oku8sIpTMAE_3,3,B
Q3_Oku8sIpTMAE_4,3,B
Q3_P-We4q3goKU_0,3,C
Q3_PLfFWFZflQU_0,3,C
Q3_PLfFWFZflQU_1,3,C
Q3_PXOWy7NiZhk_0,3,C
Q3_PXOWy7NiZhk_1,3,C
Q3_QJlnTN7HRwE_0,3,C
Q3_QJlnTN7HRwE_1,3,C
Q3_QJlnTN7HRwE_2,3,C
Q3_QJlnTN7HRwE_3,3,C
Q3_REq37pDAm3A_0,3,B
Q3_REq37pDAm3A_1,3,B
Q3_REq37pDAm3A_3,3,B
Q3_REq37pDAm3A_4,3,B
Q3_RL_cmmNVLfs_0,3,C
Q3_RiQMuhk_SuQ_0,3,C
Q3_S1T3UF1vhSk_0,3,B
Q3_TYkTOwBfFB8_0,3,C
Q3_TYkTOwBfFB8_1,3,C
Q3_TonQX8XbvX8_0,3,C
Q3_TonQX8XbvX8_1,3,C
Q3_TonQX8XbvX8_2,3,C
Q3_TonQX8XbvX8_3,3,C
Q3_UE0y8MHqT-g_0,3,C
Q3_UJcnNfeCN1c_0,3,C
Q3_UuLTvhERcnk_0,3,C
Q3_UuLTvhERcnk_1,3,C
Q3_VrWAZLRdQO8_0,3,C
Q3_VrWAZLRdQO8_1,3,C
Q3_X1p8xcarVu0_0,3,C
Q3_X1p8xcarVu0_1,3,C
Q3_X1p8xcarVu0_2,3,C
Q3_X1p8xcarVu0_3,3,C
Q3_ZvD8QSO7NPw_0,3,C
Q3_ZvD8QSO7NPw_1,3,C
Q3_ZvD8QSO7NPw_2,3,C
Q3__S991V8N-8s_0,3,C
Q3__vZOEQCYSaY_0,3,C
Q3__vZOEQCYSaY_2,3,C
Q3_bbU31JLtlug_0,3,C
Q3_bbU31JLtlug_1,3,C
Q3_bfopzItCYrE_0,3,C
Q3_c6CwY8Gbw0c_0,3,C
Q3_c6CwY8Gbw0c_1,3,C
Q3_c6CwY8Gbw0c_2,3,C
Q3_c6CwY8Gbw0c_3,3,C
Q3_c6CwY8Gbw0c_4,3,C
Q3_cCfEDTkuMvg_0,3,C
Q3_dCoUuknChhE_0,3,C
Q3_egYSmNuIFGk_1,3,B
Q3_egYSmNuIFGk_2,3,B
Q3_epMOLn5Axw0_0,3,C
Q3_f0NbGeyJYms_0,3,C
Q3_fnqb8zqHqdY_0,3,C
Q3_fnqb8zqHqdY_1,3,C
Q3_fnqb8zqHqdY_2,3,C
Q3_fuCxYrru2S4_0,3,C
Q3_g-yM0Lsp4lc_0,3,C
Q3_g-yM0Lsp4lc_1,3,C
Q3_gvWDOIiocuE_0,3,C
Q3_gvWDOIiocuE_2,3,C
Q3_iRu9KQvbtVw_0,3,C
Q3_ii1Jw1-7Ka4_0,3,C
Q3_ii1Jw1-7Ka4_1,3,C
Q3_ii1Jw1-7Ka4_2,3,C
Q3_ijfxkQPAQdE_0,3,C
Q3_ilCcZpD39HU_0,3,C
Q3_ilCcZpD39HU_1,3,C
Q3_ilCcZpD39HU_2,3,C
Q3_ilCcZpD39HU_3,3,C
Q3_ilCcZpD39HU_4,3,C
Q3_iwxwLEvqeD8_0,3,C
Q3_jTPXwbDtIpA_0,3,C
Q3_kDGmND1BgmA_0,3,C
Q3_kDGmND1BgmA_1,3,C
Q3_kopwU6zpS4k_0,3,C
Q3_ldCQ6N9G6Mk_2,3,C
Q3_ldCQ6N9G6Mk_3,3,C
Q3_ldCQ6N9G6Mk_4,3,C
Q3_ltxNPJda7zE_2,3,B
Q3_nBIls0laAAU_0,3,C
Q3_nBIls0laAAU_1,3,C
Q3_nBIls0laAAU_2,3,C
Q3_nBao46YGZDg_0,3,C
Q3_nFunbdBrukY_0,3,C
Q3_p2qihp_PnLY_0,3,C
Q3_p2qihp_PnLY_1,3,C
Q3_pbVGv_g4n50_0,3,C
Q3_qRceKZtwRWA_1,3,C
Q3_qlbazHayULg_13,3,C
Q3_qlbazHayULg_3,3,C
Q3_qlbazHayULg_9,3,C
Q3_rEz0D3VohFA_0,3,C
Q3_rrD7XMtPs0Q_0,3,C
Q3_tLmXAWfbGqs_0,3,C
Q3_tfuul78deOs_0,3,C
Q3_tfuul78deOs_1,3,C
Q3_tw_lArYiHTo_0,3,C
Q3_uj3Gif77SYM_0,3,C
Q3_uj3Gif77SYM_1,3,C
Q3_uj3Gif77SYM_2,3,C
Q3_uj3Gif77SYM_3,3,C
Q3_uj3Gif77SYM_4,3,C
Q3_uj3Gif77SYM_5,3,C
Q3_uj3Gif77SYM_6,3,C
Q3_uj3Gif77SYM_7,3,C
Q3_uj3Gif77SYM_8,3,C
Q3_v2an-9szi8M_0,3,C
Q3_vVTP0DOL_2Q_0,3,C
Q3_vVTP0DOL_2Q_1,3,C
Q3_vVTP0DOL_2Q_2,3,C
Q3_vVTP0DOL_2Q_3,3,C
Q3_veG92Oi-DlU_0,3,C
Q3_veG92Oi-DlU_1,3,C
Q3_veG92Oi-DlU_2,3,C
Q3_wS0RzrBL9UI_0,3,C
Q3_wS0RzrBL9UI_1,3,C
Q3_wS0RzrBL9UI_2,3,C
Q3_wfXSdMsd4q8_0,3,B
Q3_wfXSdMsd4q8_1,3,B
Q3_wfXSdMsd4q8_2,3,B
Q3_wfXSdMsd4q8_3,3,B
Q3_wfXSdMsd4q8_4,3,B
Q3_wlOa1jkTn_U_0,3,C
Q3_wlOa1jkTn_U_1,3,C
Q3_wlOa1jkTn_U_2,3,C
Q3_wqc8iqbDsGM_0,3,B
Q3_wqc8iqbDsGM_1,3,B
Q3_wqc8iqbDsGM_2,3,B
Q3_wqc8iqbDsGM_3,3,B
Q3_wqc8iqbDsGM_4,3,B
Q3_wxXpvnmq_-E_0,3,C
Q3_wxXpvnmq_-E_1,3,C
Q3_wxXpvnmq_-E_2,3,C
Q3_x4B0raxVODA_0,3,C
Q3_x4B0raxVODA_1,3,C
Q3_x4B0raxVODA_2,3,C
Q3_x4B0raxVODA_3,3,C
Q3_xIsvaT20pZ0_0,3,C
Q3_xIsvaT20pZ0_1,3,C
Q3_xYZ8n8ULaNo_0,3,C
Q3_xYZ8n8ULaNo_1,3,C
Q3_yZGBxiNPu3k_1,3,C
Q3_yZGBxiNPu3k_2,3,C
Q3_zMa78n8ULtE_0,3,C
Q3_zMa78n8ULtE_1,3,C
Q3_zjr_-ql5Avk_0,3,B
Q3_zjr_-ql5Avk_1,3,B
Q3_zjr_-ql5Avk_2,3,B
Q3_zvWX_dwQPtU_0,3,C
Q3_zvWX_dwQPtU_1,3,C
Q3_zvWX_dwQPtU_2,3,C
Q4_--2B4d4lQhs_3,4,C
Q4_-_FjI4bT2Wo_0,4,C
Q4_-_FjI4bT2Wo_1,4,C
Q4_-_FjI4bT2Wo_2,4,C
Q4_0c2dTJTDUR4_1,4,C
Q4_12tDlCQVRtA_0,4,C
Q4_12tDlCQVRtA_1,4,C
Q4_12tDlCQVRtA_2,4,C
Q4_170KC2CbJ7Y_0,4,C
Q4_170KC2CbJ7Y_1,4,C
Q4_1A9Hh2GrDTs_0,4,C
Q4_1Qc15G0ZHIg_0,4,C
Q4_1fdxsFbnsX4_0,4,C
Q4_1fdxsFbnsX4_1,4,C
Q4_1vjy9oMFa8c_0,4,C
Q4_1vjy9oMFa8c_1,4,C
Q4_1vjy9oMFa8c_3,4,C
Q4_22S3w4idugs_0,4,C
Q4_2Z9SjI131jA_5,4,C
Q4_2Z9SjI131jA_6,4,C
Q4_2w5XkAt_3WU_0,4,C
Q4_3As1t6JySDE_0,4,C
Q4_3N2G21U7guk_0,4,C
Q4_3N2G21U7guk_1,4,C
Q4_3N2G21U7guk_2,4,C
Q4_3N2G21U7guk_4,4,C
Q4_3TYeU9idRGI_0,4,C
Q4_3TYeU9idRGI_1,4,C
Q4_5DqIntcmdRI_0,4,C
Q4_5DqIntcmdRI_1,4,C
Q4_5J_zI7QE9W8_0,4,C
Q4_5J_zI7QE9W8_1,4,C
Q4_5J_zI7QE9W8_2,4,C
Q4_5Ju9q1N2x0E_0,4,C
Q4_5Ju9q1N2x0E_1,4,C
Q4_61EA0xRX8gE_2,4,C
Q4_6kRPHamGDSo_2,4,C
Q4_6oLmO9ZSJt0_0,4,C
Q4_6oLmO9ZSJt0_1,4,C
Q4_7gifuoofgpk_0,4,C
Q4_7gifuoofgpk_1,4,C
Q4_7yW9c7t8Hq0_0,4,C
Q4_8TYY0qG-KOw_0,4,C
Q4_9eMxCs-LXCE_0,4,C
Q4_9eMxCs-LXCE_1,4,C
Q4_9eMxCs-LXCE_2,4,C
Q4_9v2WSpn4FCw_9,4,C
Q4_ADJ_PDauy-g_0,4,C
Q4_ADJ_PDauy-g_1,4,C
Q4_ADJ_PDauy-g_2,4,C
Q4_AjN_5CdVUdw_0,4,C
Q4_B3aRl8iTEKw_0,4,C
Q4_B3aRl8iTEKw_1,4,C
Q4_BIRDDxz0E4c_1,4,C
Q4_BaHHHgDd0BU_0,4,C
Q4_BaHHHgDd0BU_1,4,C
Q4_Cir1kZyB7QM_0,4,C
Q4_Cir1kZyB7QM_1,4,C
Q4_CkjAksZstEA_0,4,C
Q4_CkjAksZstEA_1,4,C
Q4_DX1IK3z1w10_0,4,C
Q4_DvIH5yUrboc_0,4,C
Q4_DvIH5yUrboc_1,4,C
Q4_DvIH5yUrboc_2,4,C
Q4_Dw7M69CidJ8_0,4,C
Q4_Dw7M69CidJ8_1,4,C
Q4_Dw7M69CidJ8_2,4,C
Q4_Dw7M69CidJ8_3,4,C
Q4_E5qEloUO3SM_0,4,C
Q4_E6MARl3zjnQ_0,4,C
Q4_FSzOgraSKhs_0,4,C
Q4_FSzOgraSKhs_1,4,C
Q4_FoTXpYZXxJs_0,4,C
Q4_FoTXpYZXxJs_1,4,C
Q4_FyK_c-TIcCA_0,4,C
Q4_FyK_c-TIcCA_1,4,C
Q4_FyK_c-TIcCA_2,4,C
Q4_GAvPwG2wYZM_0,4,C
Q4_GAvPwG2wYZM_1,4,C
Q4_GbUV3TXUzeQ_0,4,C
Q4_Gcbk0GPT3-g_0,4,C
Q4_Gcbk0GPT3-g_1,4,C
Q4_HQ8ISDX6PiI_0,4,C
Q4_HQ8ISDX6PiI_1,4,C
Q4_HYVmgq5Y93g_0,4,C
Q4_HYVmgq5Y93g_1,4,C
Q4_HYVmgq5Y93g_2,4,C
Q4_Hwd6l9jK7bo_0,4,C
Q4_Hwd6l9jK7bo_1,4,C
Q4_I2MrA-o5H8I_0,4,C
Q4_I2MrA-o5H8I_1,4,C
Q4_I2MrA-o5H8I_2,4,C
Q4_Ie5koh4qvJc_1,4,C
Q4_Ie5koh4qvJc_16,4,C
Q4_Ie5koh4qvJc_17,4,C
Q4_Ie5koh4qvJc_20,4,C
Q4_Ie5koh4qvJc_21,4,C
Q4_Ie5koh4qvJc_27,4,C
Q4_Ie5koh4qvJc_28,4,C
Q4_Ie5koh4qvJc_31,4,C
Q4_Ie5koh4qvJc_32,4,C
Q4_Ie5koh4qvJc_4,4,C
Q4_IgpNyJVWcBo_0,4,C
Q4_J6X3rVU1H-c_0,4,C
Q4_JP3QKZlyQz4_0,4,C
Q4_JP3QKZlyQz4_1,4,C
Q4_JP3QKZlyQz4_2,4,C
Q4_JT1XJnVmABo_0,4,C
Q4_JT1XJnVmABo_1,4,C
Q4_JT1XJnVmABo_2,4,C
Q4_JxSU49jFKwM_0,4,C
Q4_JxSU49jFKwM_1,4,C
Q4_KRlAez34QfE_0,4,C
Q4_KRlAez34QfE_1,4,C
Q4_KRlAez34QfE_2,4,C
Q4_KxlqB3j0zys_2,4,C
Q4_KxlqB3j0zys_3,4,C
Q4_KxlqB3j0zys_4,4,C
Q4_MT2_mXn-vGU_0,4,C
Q4_MT2_mXn-vGU_1,4,C
Q4_MT2_mXn-vGU_2,4,C
Q4_NP0lwB-_-og_0,4,C
Q4_NzJjMGJg1wE_0,4,C
Q4_OUb9uaOlWAM_0,4,C
Q4_OgkB7PfqWzA_0,4,C
Q4_OgkB7PfqWzA_1,4,C
Q4_OoxI6k0Qsno_0,4,C
Q4_OoxI6k0Qsno_1,4,C
Q4_OyaY4213c2A_0,4,C
Q4_OyaY4213c2A_1,4,C
Q4_PK8YIUaV3Xw_0,4,C
Q4_PK8YIUaV3Xw_1,4,C
Q4_PZN7XLKzLDI_1,4,C
Q4_Q49PWE0RJLY_0,4,C
Q4_Q49PWE0RJLY_1,4,C
Q4_QBJ6YYYpIyk_0,4,C
Q4_T92R7xjce34_0,4,C
Q4_TOXg4-ZGb-g_0,4,C
Q4_TOXg4-ZGb-g_1,4,C
Q4_TOXg4-ZGb-g_2,4,C
Q4_Tc684nD8CEA_0,4,C
Q4_Tc684nD8CEA_1,4,C
Q4_Tc684nD8CEA_2,4,C
Q4_Tc684nD8CEA_3,4,C
Q4_Tc684nD8CEA_4,4,C
Q4_TcFVq0leii4_0,4,C
Q4_Tjno89OVuRI_0,4,C
Q4_Tjno89OVuRI_1,4,C
Q4_UaYYMRkHMYc_0,4,C
Q4_UaYYMRkHMYc_1,4,C
Q4_UaYYMRkHMYc_2,4,C
Q4_UbKAl4roB8k_0,4,C
Q4_UbKAl4roB8k_1,4,C
Q4_UbKAl4roB8k_2,4,C
Q4_UpHutdJvZMI_0,4,C
Q4_UpHutdJvZMI_1,4,C
Q4_UpHutdJvZMI_2,4,C
Q4_Ury1cdB79s0_0,4,C
Q4_Ury1cdB79s0_1,4,C
Q4_V3Y9L4UOcpk_0,4,C
Q4_V3Y9L4UOcpk_1,4,C
Q4_VCSDjQxAJzc_0,4,C
Q4_VCSDjQxAJzc_1,4,C
Q4_VCSDjQxAJzc_2,4,C
Q4_VXh4IaR5C6s_0,4,C
Q4_V_jbWvQNh5c_0,4,C
Q4_V_jbWvQNh5c_1,4,C
Q4_XC_SiJszQx0_0,4,C
Q4_XC_SiJszQx0_2,4,C
Q4_XPLYvpyfKUM_0,4,C
Q4_XPLYvpyfKUM_1,4,C
Q4_XWk5XUEBXmg_0,4,C
Q4_XWk5XUEBXmg_1,4,C
Q4_Xf2fox7zhCQ_0,4,C
Q4_Xf2fox7zhCQ_1,4,C
Q4_Xf2fox7zhCQ_2,4,C
Q4_Xlv4PPGrRRs_0,4,C
Q4_Xlv4PPGrRRs_1,4,C
Q4_Y1F0c3zgMJo_0,4,C
Q4_Y1F0c3zgMJo_1,4,C
Q4_YAAxPW1GB7w_0,4,C
Q4_YAAxPW1GB7w_1,4,C
Q4_YhXRyOl5pi0_0,4,C
Q4__BK2o77sTc0_2,4,C
Q4_a5QCcwEjxAk_0,4,C
Q4_a5QCcwEjxAk_1,4,C
Q4_aQ4PIaRMLwE_0,4,C
Q4_aQ4PIaRMLwE_1,4,C
Q4_aQ4PIaRMLwE_2,4,C
Q4_bfopzItCYrE_2,4,C
Q4_biROWEwkDQQ_0,4,C
Q4_biROWEwkDQQ_1,4,C
Q4_biROWEwkDQQ_2,4,C
Q4_cXxGBDgFCs8_0,4,C
Q4_cXxGBDgFCs8_1,4,C
Q4_cXxGBDgFCs8_2,4,C
Q4_d_49EtXDMFE_0,4,C
Q4_d_49EtXDMFE_1,4,C
Q4_d_49EtXDMFE_2,4,C
Q4_e838BE_MH6s_0,4,C
Q4_egYSmNuIFGk_0,4,C
Q4_f2b4kpdw7_c_0,4,C
Q4_f2b4kpdw7_c_1,4,C
Q4_fOYX0uH8mSQ_0,4,C
Q4_fShAWhXIits_0,4,C
Q4_fShAWhXIits_1,4,C
Q4_g15aRCHUJEI_0,4,C
Q4_g15aRCHUJEI_1,4,C
Q4_g15aRCHUJEI_2,4,C
Q4_gwmVjvR-sVs_2,4,C
Q4_gxsdWKc1QaM_0,4,C
Q4_heBmBQDWj-M_0,4,C
Q4_heBmBQDWj-M_1,4,C
Q4_heBmBQDWj-M_2,4,C
Q4_hoPp_GLXQis_0,4,C
Q4_hoPp_GLXQis_1,4,C
Q4_iGHgeUCPotc_0,4,C
Q4_iHPKusssXzk_0,4,C
Q4_iHPKusssXzk_1,4,C
Q4_iHPKusssXzk_2,4,C
Q4_iXiSFSGws-c_0,4,C
Q4_iXiSFSGws-c_1,4,C
Q4_iXiSFSGws-c_2,4,C
Q4_j8Ir-ssM-AA_0,4,C
Q4_j8Ir-ssM-AA_1,4,C
Q4_jCLgDtk695I_0,4,C
Q4_jCLgDtk695I_1,4,C
Q4_jCLgDtk695I_2,4,C
Q4_jCLgDtk695I_3,4,C
Q4_jCLgDtk695I_4,4,C
Q4_jNzZCplNNyY_0,4,C
Q4_jNzZCplNNyY_1,4,C
Q4_jO2zX6Ul8GM_2,4,C
Q4_jSWItJI-Gmk_0,4,C
Q4_jSWItJI-Gmk_1,4,C
Q4_k-FNDbK6Qhg_1,4,C
Q4_k6aLLVX1D7Y_0,4,C
Q4_k6aLLVX1D7Y_1,4,C
Q4_k6aLLVX1D7Y_2,4,C
Q4_kMHiU0fhWVw_0,4,C
Q4_kMHiU0fhWVw_1,4,C
Q4_kMHiU0fhWVw_2,4,C
Q4_kMHiU0fhWVw_3,4,C
Q4_kfYaGryaGzI_0,4,C
Q4_kfYaGryaGzI_1,4,C
Q4_lQCrA2TE-fo_0,4,C
Q4_lQCrA2TE-fo_1,4,C
Q4_lTxVVdhFE6Q_0,4,C
Q4_lTxVVdhFE6Q_1,4,C
Q4_ldCQ6N9G6Mk_0,4,C
Q4_ldCQ6N9G6Mk_1,4,C
Q4_ldCQ6N9G6Mk_5,4,C
Q4_ltNK_MY1HkM_0,4,C
Q4_ltNK_MY1HkM_1,4,C
Q4_ltNK_MY1HkM_2,4,C
Q4_ltxNPJda7zE_0,4,C
Q4_ltxNPJda7zE_1,4,C
Q4_ltxNPJda7zE_3,4,C
Q4_ltxNPJda7zE_4,4,C
Q4_lvfNo4KOTmM_0,4,C
Q4_lvfNo4KOTmM_1,4,C
Q4_mGYKWCVnMwQ_0,4,C
Q4_mGYKWCVnMwQ_1,4,C
Q4_nGkpcWNAxDU_0,4,C
Q4_nGkpcWNAxDU_1,4,C
Q4_nGkpcWNAxDU_2,4,C
Q4_oTi57hZfArE_0,4,C
Q4_oTi57hZfArE_1,4,C
Q4_oTi57hZfArE_2,4,C
Q4_pRuwHN-lI44_0,4,C
Q4_pRuwHN-lI44_1,4,C
Q4_pRuwHN-lI44_2,4,C
Q4_pRuwHN-lI44_3,4,C
Q4_pkz8OkWhwnk_0,4,C
Q4_pkz8OkWhwnk_1,4,C
Q4_prUUays30Mg_0,4,C
Q4_prUUays30Mg_1,4,C
Q4_pzeHffxmdcE_0,4,C
Q4_q4T8Znozvkk_0,4,C
Q4_qRceKZtwRWA_0,4,C
Q4_rDhbGjFlKF8_0,4,C
Q4_rDhbGjFlKF8_1,4,C
Q4_rW1I58_lMEg_0,4,C
Q4_rW1I58_lMEg_1,4,C
Q4_rW1I58_lMEg_2,4,C
Q4_rW1I58_lMEg_3,4,C
Q4_r_sD61KeUQU_0,4,C
Q4_sA9ac1rod84_0,4,C
Q4_sA9ac1rod84_1,4,C
Q4_uUtnyA6tLnI_0,4,C
Q4_u_7b9CwyM8Q_0,4,C
Q4_u_7b9CwyM8Q_1,4,C
Q4_v3Nl5rUxLqE_0,4,C
Q4_v3Nl5rUxLqE_1,4,C
Q4_vBHoSz8cJIE_0,4,C
Q4_vBHoSz8cJIE_1,4,C
Q4_vBHoSz8cJIE_2,4,C
Q4_vBHoSz8cJIE_3,4,C
Q4_vBHoSz8cJIE_4,4,C
Q4_vJ77eDxHezE_0,4,C
Q4_vJ77eDxHezE_1,4,C
Q4_vpTguZtJAFA_0,4,C
Q4_vpTguZtJAFA_1,4,C
Q4_vpTguZtJAFA_2,4,C
Q4_wzSr6qR3Ra0_0,4,C
Q4_xgtwQGeB6_0_0,4,C
Q4_xrhWli_R98g_0,4,C
Q4_xrhWli_R98g_2,4,C
Q4_yC0fAQxGgr0_0,4,C
Q4_yC0fAQxGgr0_1,4,C
